commodity,commodity_group,commodity_uuid,units
"Absinthe","Forest Products","VAAR380","Rs./Quintal"
"AJOWAIN","Unknown","VAAR609","Rs./Quintal"
"AJWAIN","Unknown","VAAR710","Rs./Quintal"
"AJWAIN HUSK","Others","VAAR454","Rs./Quintal"
"Ajwan","Spices","VAAR115","Rs./Quintal"
"Alasande Gram","Pulses","VAAR234","Rs./Quintal"
"Almond(Badam)","Dry Fruits","VAAR275","Rs./Quintal"
"Alsandikai","Vegetables","VAAR138","Rs./Quintal"
"Amaranthus","Vegetables","VAAR72","Rs./Quintal"
"Ambady/Mesta","Fibre Crops","VAAR346","Rs./Quintal"
"AMERICAN-COTTON","Unknown","VAAR548","Rs./Quintal"
"AMLA","Unknown","VAAR735","Rs./Quintal"
"Amla(Nelli Kai)","Fruits","VAAR303","Rs./Quintal"
"Amranthas Red","Vegetables","VAAR348","Rs./Quintal"
"Anthorium","Flowers","VAAR326","Rs./Unit"
"ANUMULU (FIELD BEAN)","Unknown","VAAR647","Rs./Quintal"
"Apple","Fruits","VAAR17","Rs./Quintal"
"APPLE -RICH RED LARGE","Unknown","VAAR771","Rs./Quintal"
"APPLE -RICH RED MEDIUM","Unknown","VAAR822","Rs./Quintal"
"APPLE-RED GOLDEN  MEDUIM","Unknown","VAAR814","Rs./Quintal"
"APPLE-RED ROYAL  LARGE","Unknown","VAAR831","Rs./Quintal"
"APRICOT","Unknown","VAAR826","Rs./Quintal"
"ARBI (COLACASIA)","Unknown","VAAR583","Rs./Quintal"
"ARECA NUT (BETEL NUT)","Unknown","VAAR610","Rs./Quintal"
"Arecanut(Betelnut/Supari)","Drug and Narcotics","VAAR118","Rs./Quintal"
"Arhar Dal(Tur Dal)","Pulses","VAAR214","Rs./Quintal"
"ARHAR WHOLE / TUR (RED GRAM)","Unknown","VAAR576","Rs./Quintal"
"Arhar(Tur/Red Gram)(Whole)","Pulses","VAAR45","Rs./Quintal"
"Asalia","Drug and Narcotics","VAAR373","Rs./Quintal"
"Asgand","Spices","VAAR434","Rs./Quintal"
"Ashgourd","Vegetables","VAAR69","Rs./Quintal"
"Ashwagandha","Drug and Narcotics","VAAR372","Rs./Quintal"
"Asparagus","Drug and Narcotics","VAAR363","Rs./Quintal"
"Astera","Flowers","VAAR190","Rs./Quintal"
"Avare Dal","Pulses","VAAR223","Rs./Quintal"
"BAJRA","Unknown","VAAR743","Rs./Quintal"
"BAJRA-HYBRID","Unknown","VAAR776","Rs./Quintal"
"BAJRA-LOCAL","Unknown","VAAR783","Rs./Quintal"
"BAJRA-YELLOW","Unknown","VAAR797","Rs./Quintal"
"Bajra(Pearl Millet/Cumbu)","Cereals","VAAR28","Rs./Quintal"
"Balekai","Vegetables","VAAR228","Rs./Quintal"
"BAMBOO","Forest Products","VAAR164","Rs./Unit"
"Banana","Fruits","VAAR19","Rs./Quintal"
"Banana - Green","Vegetables","VAAR76","Rs./Quintal"
"BANANA AMRUTHAPANI","Unknown","VAAR815","Rs./Quintal"
"BANANA BHUSHAVALI","Unknown","VAAR816","Rs./Quintal"
"BANANA BONTHA","Unknown","VAAR817","Rs./Quintal"
"BANANA KADALI","Unknown","VAAR839","Rs./Quintal"
"BANANA KARPURA","Unknown","VAAR818","Rs./Quintal"
"BANANA NENDRAN","Unknown","VAAR773","Rs./Quintal"
"BANANA OTHERS","Unknown","VAAR827","Rs./Quintal"
"BANANA RED CHAKRAKELI","Unknown","VAAR819","Rs./Quintal"
"BANANA RED KAPPA","Unknown","VAAR840","Rs./Quintal"
"BANANA STEM","Vegetables","VAAR413","Rs./Quintal"
"BANANA WHITE CHAKRAKELI ","Unknown","VAAR770","Rs./Quintal"
"Barley(Jau)","Cereals","VAAR29","Rs./Quintal"
"BARNYARD MILLET","Cereals","VAAR461","Rs./Quintal"
"basil","Drug and Narcotics","VAAR364","Rs./Quintal"
"Beans","Pulses","VAAR80","Rs./Quintal"
"BEANS -CLUSTER","Unknown","VAAR718","Rs./Quintal"
"Beaten Rice","Cereals","VAAR216","Rs./Quintal"
"Beetroot","Vegetables","VAAR129","Rs./Quintal"
"Behada","Forest Products","VAAR437","Rs./Quintal"
"Bengal Gram Dal(Chana Dal)","Pulses","VAAR217","Rs./Quintal"
"BENGAL GRAM HYBRID","Unknown","VAAR646","Rs./Quintal"
"BENGAL GRAM LOCAL","Unknown","VAAR639","Rs./Quintal"
"Bengal Gram(Gram)(Whole)","Pulses","VAAR6","Rs./Quintal"
"BER","Unknown","VAAR723","Rs./Quintal"
"Ber(Zizyphus/Borehannu)","Fruits","VAAR304","Rs./Quintal"
"Betal Leaves","Drug and Narcotics","VAAR121","Rs./Quintal"
"BETEL LEAVES","Unknown","VAAR608","Rs./Unit"
"Betelnuts","Spices","VAAR37","Rs./Quintal"
"Bhindi(Ladies Finger)","Vegetables","VAAR71","Rs./Quintal"
"Big Gram","Pulses","VAAR97","Rs./Quintal"
"Bitter gourd","Vegetables","VAAR67","Rs./Quintal"
"Black Gram Dal(Urd Dal)","Pulses","VAAR218","Rs./Quintal"
"Black Gram(Urd Beans)(Whole)","Pulses","VAAR8","Rs./Quintal"
"Black pepper","Spices","VAAR34","Rs./Quintal"
"BOP","Flowers","VAAR327","Rs./Unit"
"Bottle gourd","Vegetables","VAAR68","Rs./Quintal"
"BOTTLE GOURD","Vegetables","VAAR68","Rs./Quintal"
"BOTTLE GOURDE","Unknown","VAAR725","Rs./Quintal"
"Brinjal","Vegetables","VAAR32","Rs./Quintal"
"BRINJAL","Vegetables","VAAR32","Rs./Quintal"
"BRINJAL-HYBRID","Unknown","VAAR726","Rs./Quintal"
"BROAD BEANS","Unknown","VAAR572","Rs./Quintal"
"BROCCOLI","Unknown","VAAR605","Rs./Quintal"
"BROKEN RICE-THICK(NON BASMATI)","Others","VAAR244","Rs./Quintal"
"Bull","Live Stock,Poultry,Fisheries","VAAR173","Rs./Unit"
"Bullar","Pulses","VAAR237","Rs./Quintal"
"Bunch Beans","Others","VAAR183","Rs./Unit"
"buttery","Pulses","VAAR345","Rs./Quintal"
"BUTTON MUSHROOM","Unknown","VAAR634","Rs./Quintal"
"Cabbage","Vegetables","VAAR126","Rs./Quintal"
"CABBAGE","Vegetables","VAAR126","Rs./Quintal"
"Calf","Live Stock,Poultry,Fisheries","VAAR174","Rs./Unit"
"Capsicum","Vegetables","VAAR136","Rs./Quintal"
"Cardamoms","Spices","VAAR36","Rs./Quintal"
"Carnation","Flowers","VAAR322","Rs./Unit"
"Carrot","Vegetables","VAAR125","Rs./Quintal"
"CARROT","Vegetables","VAAR125","Rs./Quintal"
"Cashewnuts","Dry Fruits","VAAR33","Rs./Quintal"
"Castor Seed","Oil Seeds","VAAR106","Rs./Quintal"
"CASTOR SEED","Oil Seeds","VAAR106","Rs./Quintal"
"Cauliflower","Vegetables","VAAR31","Rs./Quintal"
"Chakotha","Fruits","VAAR158","Rs./Quintal"
"CHANA","Unknown","VAAR661","Rs./Quintal"
"CHANA (BENGAL GRAM)","Unknown","VAAR662","Rs./Quintal"
"CHANA (BENGAL GRAM)-DESI","Unknown","VAAR663","Rs./Quintal"
"CHANA BENGAL GRAM-DOLLAR","Unknown","VAAR557","Rs./Quintal"
"CHANA GRAM","Unknown","VAAR568","Rs./Quintal"
"CHANA GULABI","Unknown","VAAR775","Rs./Quintal"
"CHANA PKV2","Unknown","VAAR644","Rs./Quintal"
"CHANA-LOCAL","Unknown","VAAR664","Rs./Quintal"
"Chapparad Avare","Vegetables","VAAR141","Rs./Quintal"
"Cherry","Fruits","VAAR278","Rs./Quintal"
"CHERRY","Fruits","VAAR278","Rs./Quintal"
"CHIKOOS","Unknown","VAAR719","Rs./Quintal"
"Chikoos(Sapota)","Fruits","VAAR58","Rs./Quintal"
"Chili Red","Spices","VAAR26","Rs./Quintal"
"CHILLI -SHARK 1","Unknown","VAAR675","Rs./Quintal"
"CHILLI BADIGA","Unknown","VAAR574","Rs./Quintal"
"CHILLI BANGARAM","Unknown","VAAR601","Rs./Quintal"
"CHILLI NS 250 BULLET","Unknown","VAAR578","Rs./Quintal"
"CHILLI TEJA A/C","Unknown","VAAR556","Rs./Quintal"
"CHILLI- ARMOUR","Unknown","VAAR676","Rs./Quintal"
"CHILLI-273","Unknown","VAAR685","Rs./Quintal"
"CHILLI-273 A/C","Unknown","VAAR677","Rs./Quintal"
"CHILLI-334","Unknown","VAAR683","Rs./Quintal"
"CHILLI-334 A/C","Unknown","VAAR674","Rs./Quintal"
"CHILLI-341","Unknown","VAAR681","Rs./Quintal"
"CHILLI-341 A/C","Unknown","VAAR670","Rs./Quintal"
"CHILLI-4884","Unknown","VAAR672","Rs./Quintal"
"CHILLI-4884 A/C","Unknown","VAAR686","Rs./Quintal"
"CHILLI-5","Unknown","VAAR669","Rs./Quintal"
"CHILLI-5 A/C","Unknown","VAAR682","Rs./Quintal"
"CHILLI-BADIGI 355","Unknown","VAAR688","Rs./Quintal"
"CHILLI-BADIGI A/C","Unknown","VAAR671","Rs./Quintal"
"CHILLI-DESI","Unknown","VAAR679","Rs./Quintal"
"CHILLI-DEVANURU DELUX","Unknown","VAAR689","Rs./Quintal"
"CHILLI-DEVANURU DELUX A/C","Unknown","VAAR680","Rs./Quintal"
"CHILLI-SUPER10","Unknown","VAAR673","Rs./Quintal"
"CHILLI-SUPER10 A/C","Unknown","VAAR678","Rs./Quintal"
"CHILLI-TALU A/C","Unknown","VAAR687","Rs./Quintal"
"CHILLI-TEJA","Unknown","VAAR684","Rs./Quintal"
"CHILLI-THAALU","Unknown","VAAR554","Rs./Quintal"
"CHILLIES","Unknown","VAAR567","Rs./Quintal"
"Chilly Capsicum","Vegetables","VAAR74","Rs./Quintal"
"Chow Chow","Vegetables","VAAR139","Rs./Quintal"
"Chrysanthemum","Flowers","VAAR331","Rs./Unit"
"Chrysanthemum(Loose)","Flowers","VAAR189","Rs./Quintal"
"Cinamon(Dalchini)","Spices","VAAR267","Rs./Quintal"
"Cloves","Spices","VAAR89","Rs./Quintal"
"Cluster beans","Vegetables","VAAR66","Rs./Quintal"
"Cock","Live Stock,Poultry,Fisheries","VAAR315","Rs./Unit"
"Cocoa","Beverages","VAAR88","Rs./Quintal"
"Coconut","Spices","VAAR116","Rs./Quintal"
"Coconut Coir","Others","VAAR469","Rs./Quintal"
"COCONUT COIR_BRISTLE COIR FIBR","Unknown","VAAR786","Rs./Quintal"
"COCONUT COIR_DECORTICATED FIBR","Unknown","VAAR828","Rs./Quintal"
"COCONUT COIR_MATTRESS COIR","Unknown","VAAR785","Rs./Quintal"
"COCONUT COIR_RETTED/WHITE FIBR","Unknown","VAAR790","Rs./Quintal"
"COCONUT DEHUSKED IN QUINTAL","Unknown","VAAR737","Rs./Quintal"
"Coconut Oil","Oils and Fats","VAAR220","Rs./Quintal"
"Coconut Seed","Oil Seeds","VAAR96","Rs./Quintal"
"COCONUT WITH HUSK","Unknown","VAAR793","Rs./Unit"
"Coffee","Beverages","VAAR41","Rs./Quintal"
"Colacasia","Vegetables","VAAR269","Rs./Quintal"
"Coleus","Drug and Narcotics","VAAR470","Rs./Quintal"
"COLOCASIA VEGETABLE","Unknown","VAAR607","Rs./Quintal"
"Copra","Oil Seeds","VAAR111","Rs./Quintal"
"COPRA_80 KG(TN)","Unknown","VAAR787","Rs./Quintal"
"COPRA_80 KG(TN)","Oil Seeds","VAAR111","Rs./Quintal"
"CORIANDAR","Unknown","VAAR565","Rs./Quintal"
"CORIANDER","Unknown","VAAR716","Rs./Quintal"
"CORIANDER  WHOLE","Unknown","VAAR582","Rs./Quintal"
"CORIANDER LEAVES","Unknown","VAAR593","Rs./Quintal"
"Coriander(Leaves)","Vegetables","VAAR39","Bundle"
"Corriander seed","Spices","VAAR92","Rs./Quintal"
"Cotton","Fibre Crops","VAAR15","Rs./Quintal"
"Cotton Seed","Oil Seeds","VAAR84","Rs./Quintal"
"COTTON-BAGS","Unknown","VAAR800","Rs./Quintal"
"COTTON-BUNNY/BRAHAMMA","Unknown","VAAR779","Rs./Quintal"
"COTTON-LOOSE","Unknown","VAAR761","Rs./Quintal"
"COTTON-LRA","Unknown","VAAR799","Rs./Quintal"
"COTTON-RAW","Unknown","VAAR777","Rs./Quintal"
"Cow","Live Stock,Poultry,Fisheries","VAAR171","Rs./Unit"
"COWPEA BLACK","Unknown","VAAR712","Rs./Quintal"
"COWPEA RED","Unknown","VAAR714","Rs./Quintal"
"COWPEA WHITE","Unknown","VAAR713","Rs./Quintal"
"Cowpea(Lobia/Karamani)","Pulses","VAAR78","Rs./Quintal"
"Cowpea(Veg)","Vegetables","VAAR75","Rs./Quintal"
"Cucumbar(Kheera)","Vegetables","VAAR131","Rs./Quintal"
"CUCUMBER","Unknown","VAAR561","Rs./Quintal"
"CUMBU-HYBRID ","Unknown","VAAR615","Rs./Quintal"
"CUMMIN","Unknown","VAAR765","Rs./Quintal"
"Cummin Seed(Jeera)","Spices","VAAR38","Rs./Quintal"
"CURRY LEAVES","Unknown","VAAR630","Rs./Quintal"
"CUSTARD APPLE","Unknown","VAAR837","Rs./Quintal"
"Custard Apple(Sharifa)","Fruits","VAAR300","Rs./Quintal"
"Dates","Dry Fruits","VAAR472","Rs./Quintal"
"Delha","Flowers","VAAR339","Rs./Quintal"
"Dhaincha","Others","VAAR57","Rs./Quintal"
"dhawai flowers","Drug and Narcotics","VAAR371","Rs./Quintal"
"dried mango","Spices","VAAR352","Rs./Quintal"
"Drumstick","Vegetables","VAAR140","Rs./Quintal"
"Dry Chillies","Spices","VAAR113","Rs./Quintal"
"DRY CHILLY_10 KG(TN)","Unknown","VAAR636","Rs./Quintal"
"DRY FISH (MINNOW)","Unknown","VAAR711","Rs./Quintal"
"DRY FISH (SHRIMP)","Unknown","VAAR824","Rs./Quintal"
"DRY FISH (SHRIMP)","Live Stock,Poultry,Fisheries","VAAR473","Rs./Quintal"
"Dry Fodder","Others","VAAR293","Rs./Quintal"
"Dry Grapes","Dry Fruits","VAAR231","Rs./Quintal"
"DRY PEAS","Unknown","VAAR632","Rs./Quintal"
"Duster Beans","Vegetables","VAAR135","Rs./Quintal"
"Egg","Live Stock,Poultry,Fisheries","VAAR314","Rs./Unit"
"Elephant Yam(Suran)/Amorphophallus","Vegetables","VAAR247","Rs./Quintal"
"FENNEL SEED","Unknown","VAAR577","Rs./Quintal"
"FENUGREEK (HARI METHI)","Unknown","VAAR696","Rs./Quintal"
"FENUGREEK (WHOLE)","Unknown","VAAR563","Rs./Quintal"
"Field Pea","Vegetables","VAAR53","Rs./Quintal"
"FIELDGRAM","Pulses","VAAR475","Rs./Quintal"
"Fig(Anjura/Anjeer)","Others","VAAR180","Rs./Unit"
"Firewood","Forest Products","VAAR166","Rs./Quintal"
"Fish","Live Stock,Poultry,Fisheries","VAAR313","Rs./Quintal"
"Flax seeds","Others","VAAR439","Rs./Quintal"
"FOX TAIL MILLET","Unknown","VAAR617","Rs./Quintal"
"Foxtail Millet(Navane)","Cereals","VAAR104","Rs./Quintal"
"FRENCH BEAN","Unknown","VAAR733","Rs./Quintal"
"French Beans(Frasbean)","Vegetables","VAAR249","Rs./Quintal"
"Galgal(Lemon)","Vegetables","VAAR298","Rs./Quintal"
"Garlic","Vegetables","VAAR25","Rs./Quintal"
"Ghee","Oils and Fats","VAAR206","Rs./Quintal"
"GHERKIN","Vegetables","VAAR479","Rs./Quintal"
"Giloy","Forest Products","VAAR381","Rs./Quintal"
"GINGELLY_80 KG(TN)","Unknown","VAAR616","Rs./Quintal"
"GINGER","Unknown","VAAR720","Rs./Quintal"
"GINGER","Spices","VAAR481","Rs./Quintal"
"Ginger(Dry)","Spices","VAAR27","Rs./Quintal"
"Ginger(Green)","Vegetables","VAAR87","Rs./Quintal"
"GINGILY (SESAME SEED)- BLACK","Unknown","VAAR566","Rs./Quintal"
"GINGILY (SESAME SEED)- WHITE","Unknown","VAAR668","Rs./Quintal"
"GINGILY (SESAME SEEDS) - RED","Unknown","VAAR667","Rs./Quintal"
"Gladiolus Cut Flower","Flowers","VAAR310","Rs./Unit"
"Goat","Live Stock,Poultry,Fisheries","VAAR178","Rs./Unit"
"Gond","Forest Products","VAAR440","Rs./Quintal"
"Gram Raw(Chholia)","Vegetables","VAAR306","Rs./Quintal"
"GRAPEFRUIT","Unknown","VAAR641","Rs./Quintal"
"Grapes","Fruits","VAAR22","Rs./Quintal"
"GREEN AMARANTHUS","Unknown","VAAR833","Rs./Quintal"
"Green Avare(W)","Vegetables","VAAR137","Rs./Quintal"
"Green Chilli","Vegetables","VAAR73","Rs./Quintal"
"GREEN CHILLI","Vegetables","VAAR73","Rs./Quintal"
"Green Fodder","Others","VAAR294","Rs./Quintal"
"GREEN GRAM","Unknown","VAAR728","Rs./Quintal"
"Green Gram Dal(Moong Dal)","Pulses","VAAR219","Rs./Quintal"
"GREEN GRAM HYBRID","Unknown","VAAR589","Rs./Quintal"
"GREEN GRAM LOCAL","Unknown","VAAR595","Rs./Quintal"
"Green Gram(Moong)(Whole)","Pulses","VAAR9","Rs./Quintal"
"Green Peas","Pulses","VAAR46","Rs./Quintal"
"GROUND NUT G-2","Unknown","VAAR638","Rs./Quintal"
"GROUND NUT NEW","Unknown","VAAR587","Rs./Quintal"
"GROUND NUT OLD","Unknown","VAAR620","Rs./Quintal"
"GROUND NUT P-NUT","Unknown","VAAR645","Rs./Quintal"
"Ground Nut Seed","Oil Seeds","VAAR222","Rs./Quintal"
"GROUND NUT-PODS","Oils and Fats","VAAR221","Rs./Quintal"
"GROUND NUT-PODS","Unknown","VAAR767","Rs./Quintal"
"Groundnut","Oil Seeds","VAAR10","Rs./Quintal"
"GROUNDNUT KERNEL_80 KG(TN)","Unknown","VAAR784","Rs./Quintal"
"GROUNDNUT KERNEL_80 KG(TN)","Oil Seeds","VAAR10","Rs./Quintal"
"GROUNDNUT LOCAL","Unknown","VAAR836","Rs./Quintal"
"GROUNDNUT PODS_40 KG(TN)","Unknown","VAAR780","Rs./Quintal"
"Groundnut pods(raw)","Vegetables","VAAR263","Rs./Quintal"
"Groundnut(Split)","Oil Seeds","VAAR265","Rs./Quintal"
"Guar","Vegetables","VAAR62","Rs./Quintal"
"Guar Seed(Cluster Beans Seed)","Pulses","VAAR342","Rs./Quintal"
"GUAR SEEDS","Unknown","VAAR759","Rs./Quintal"
"Guava","Fruits","VAAR156","Rs./Quintal"
"Gudmar","Forest Products","VAAR382","Rs./Quintal"
"gulli","Forest Products","VAAR390","Rs./Quintal"
"Gur(Jaggery)","Others","VAAR61","Rs./Quintal"
"Gurellu","Oil Seeds","VAAR232","Rs./Quintal"
"Harrah","Forest Products","VAAR441","Rs./Quintal"
"He Buffalo","Live Stock,Poultry,Fisheries","VAAR175","Rs./Unit"
"Hen","Live Stock,Poultry,Fisheries","VAAR316","Rs./Unit"
"Hippe Seed","Forest Products","VAAR108","Rs./Quintal"
"Honge seed","Oil Seeds","VAAR107","Rs./Quintal"
"HORSE GRAM (WHOLE)","Unknown","VAAR635","Rs./Quintal"
"HORSE GRAM WHITE","Unknown","VAAR657","Rs./Quintal"
"HORSEGRAM","Unknown","VAAR694","Rs./Quintal"
"HORSEGRAM - BLACK","Unknown","VAAR693","Rs./Quintal"
"HORSEGRAM - RED","Unknown","VAAR627","Rs./Quintal"
"Indian Beans(Seam)","Vegetables","VAAR250","Rs./Quintal"
"Indian Colza(Sarson)","Vegetables","VAAR292","Rs./Quintal"
"ISABGOL","Unknown","VAAR592","Rs./Quintal"
"Isabgul(Psyllium)","Drug and Narcotics","VAAR212","Rs./Quintal"
"ISBGOL (PSYLLIUM HUSK) ","Drug and Narcotics","VAAR488","Rs./Quintal"
"ISBGOL (PSYLLIUM HUSK) ","Unknown","VAAR782","Rs./Quintal"
"IVY GOURD (KUNDRU)","Unknown","VAAR596","Rs./Quintal"
"Jack Fruit","Fruits","VAAR153","Rs./Quintal"
"JACK FRUIT","Fruits","VAAR153","Rs./Quintal"
"JACKFRUIT SEED","Vegetables","VAAR489","Rs./Quintal"
"Jaffri","Flowers","VAAR335","Rs./Quintal"
"Jaggery","Others","VAAR123","Rs./Quintal"
"JAGGERY","Others","VAAR123","Rs./Quintal"
"JAGGERY BLACK","Unknown","VAAR744","Rs./Quintal"
"JAGGERY BROWN","Unknown","VAAR745","Rs./Quintal"
"JAGGERY GOLD","Unknown","VAAR746","Rs./Quintal"
"JAGGERY SPECIAL","Unknown","VAAR747","Rs./Quintal"
"Jamun(Narale Hannu)","Fruits","VAAR155","Rs./Quintal"
"Jarbara","Flowers","VAAR323","Rs./Unit"
"Jasmine","Flowers","VAAR187","Rs./Quintal"
"JIMIKAND (SURAN)","Unknown","VAAR580","Rs./Quintal"
"JOWAR","Unknown","VAAR760","Rs./Quintal"
"JOWAR RED","Unknown","VAAR649","Rs./Quintal"
"JOWAR-WHITE","Unknown","VAAR829","Rs./Quintal"
"JOWAR-YELLOW","Unknown","VAAR806","Rs./Quintal"
"Jowar(Sorghum)","Cereals","VAAR5","Rs./Quintal"
"Jute","Fibre Crops","VAAR16","Rs./Quintal"
"Kabuli Chana(Chickpeas-White)","Pulses","VAAR309","Rs./Quintal"
"Kakada","Flowers","VAAR188","Rs./Quintal"
"Kalmegh","Forest Products","VAAR386","Rs./Quintal"
"Kankambra","Flowers","VAAR191","Rs./Quintal"
"karanja seeds","Drug and Narcotics","VAAR368","Rs./Quintal"
"Karbuja(Musk Melon)","Fruits","VAAR157","Rs./Quintal"
"Kartali(Kantola)","Vegetables","VAAR256","Rs./Quintal"
"Khirni","Fruits","VAAR443","Rs./Quintal"
"Kinnow","Fruits","VAAR284","Rs./Quintal"
"Kiwi Fruit","Fruits","VAAR492","Rs./Quintal"
"KIWI FRUIT","Fruits","VAAR492","Rs./Quintal"
"Knool Khol","Vegetables","VAAR149","Rs./Quintal"
"KODO MILLET","Unknown","VAAR788","Rs./Quintal"
"Kodo Millet(Varagu)","Cereals","VAAR101","Rs./Quintal"
"Kulthi(Horse Gram)","Pulses","VAAR98","Rs./Quintal"
"KUSUM SEED","Unknown","VAAR633","Rs./Quintal"
"Kutki","Cereals","VAAR344","Rs./Quintal"
"Ladies Finger","Vegetables","VAAR127","Rs./Quintal"
"LADY FINGER","Unknown","VAAR569","Rs./Quintal"
"Lak(Teora)","Pulses","VAAR81","Rs./Quintal"
"LAKH/TEORA","Unknown","VAAR629","Rs./Quintal"
"Leafy Vegetable","Vegetables","VAAR143","Bundle"
"Lemon","Vegetables","VAAR261","Rs./Quintal"
"Lentil(Masur)(Whole)","Pulses","VAAR52","Rs./Quintal"
"LESSER YAM","Vegetables","VAAR497","Rs./Quintal"
"Lilly","Flowers","VAAR325","Rs./Unit"
"Lime","Fruits","VAAR151","Rs./Quintal"
"Linseed","Oil Seeds","VAAR56","Rs./Quintal"
"Lint","Fibre Crops","VAAR233","Rs./Quintal"
"Litchi","Fruits","VAAR299","Rs./Quintal"
"Little gourd(Kundru)","Vegetables","VAAR253","Rs./Quintal"
"LOBIA","Unknown","VAAR584","Rs./Quintal"
"LOBIA HYBRID","Unknown","VAAR704","Rs./Quintal"
"LOBIA LOCAL","Unknown","VAAR702","Rs./Quintal"
"LOBIA PODS","Unknown","VAAR703","Rs./Quintal"
"Long Melon(Kakri)","Vegetables","VAAR255","Rs./Quintal"
"Lotus","Flowers","VAAR332","Rs./Unit"
"Lotus Sticks","Vegetables","VAAR287","Rs./Quintal"
"Mace","Spices","VAAR91","Rs./Quintal"
"MACE WHOLE","Unknown","VAAR709","Rs./Quintal"
"Mahedi","Others","VAAR340","Rs./Quintal"
"Mahua","Drug and Narcotics","VAAR283","Rs./Quintal"
"Mahua Seed(Hippe seed)","Forest Products","VAAR318","Rs./Quintal"
"Maida Atta","Others","VAAR241","Rs./Quintal"
"Maize","Cereals","VAAR4","Rs./Quintal"
"MAIZE BILT","Unknown","VAAR807","Rs./Quintal"
"MAIZE HYBRID","Unknown","VAAR803","Rs./Quintal"
"MAIZE LOCAL","Unknown","VAAR738","Rs./Quintal"
"MAIZE WHITE","Unknown","VAAR762","Rs./Quintal"
"MAIZE YELLOW","Unknown","VAAR729","Rs./Quintal"
"MAIZE-NEW","Unknown","VAAR774","Rs./Quintal"
"MAIZE-OLD","Unknown","VAAR792","Rs./Quintal"
"Mango","Fruits","VAAR20","Rs./Quintal"
"MANGO RAW","Unknown","VAAR825","Rs./Quintal"
"Mango(Raw-Ripe)","Vegetables","VAAR144","Rs./Quintal"
"Marasebu","Fruits","VAAR152","Rs./Quintal"
"Marget","Flowers","VAAR336","Rs./Quintal"
"MARI GOLD","Unknown","VAAR600","Rs./Quintal"
"Marigold(Calcutta)","Flowers","VAAR193","Rs./Unit"
"Marigold(loose)","Flowers","VAAR334","Rs./Quintal"
"Mashrooms","Vegetables","VAAR288","Rs./Quintal"
"MASOOR","Unknown","VAAR575","Rs./Quintal"
"Masur Dal","Pulses","VAAR213","Rs./Quintal"
"Mataki","Pulses","VAAR79","Rs./Quintal"
"Methi Seeds","Spices","VAAR43","Rs./Quintal"
"Methi(Leaves)","Vegetables","VAAR42","Rs./Quintal"
"MILLET","Unknown","VAAR796","Rs./Quintal"
"Millets","Others","VAAR195","Rs./Quintal"
"MINT LEAVES","Unknown","VAAR599","Rs./Quintal"
"Mint(Pudina)","Vegetables","VAAR307","Bundle"
"Moath Dal","Pulses","VAAR452","Rs./Quintal"
"MOONG WHOLE (GREEN GRAM)","Unknown","VAAR547","Rs./Quintal"
"MOONG WHOLE CHAMKI","Unknown","VAAR594","Rs./Quintal"
"MOTH ","Unknown","VAAR549","Rs./Quintal"
"MOUSAMBI","Unknown","VAAR727","Rs./Quintal"
"Mousambi(Sweet Lime)","Fruits","VAAR64","Rs./Quintal"
"Muesli","Drug and Narcotics","VAAR375","Rs./Quintal"
"MUSK MELON","Unknown","VAAR598","Rs./Quintal"
"Mustard","Oil Seeds","VAAR12","Rs./Quintal"
"MUSTARD LEAF","Unknown","VAAR830","Rs./Quintal"
"Mustard Oil","Oils and Fats","VAAR274","Rs./Quintal"
"MUSTARD SEED","Unknown","VAAR766","Rs./Quintal"
"Neem Seed","Forest Products","VAAR109","Rs./Quintal"
"nigella","Spices","VAAR353","Rs./Quintal"
"nigella seeds","Drug and Narcotics","VAAR374","Rs./Quintal"
"NIGER SEED","Unknown","VAAR823","Rs./Quintal"
"Niger Seed(Ramtil)","Oil Seeds","VAAR83","Rs./Quintal"
"Nutmeg","Spices","VAAR90","Rs./Quintal"
"Onion","Vegetables","VAAR23","Rs./Quintal"
"ONION","Vegetables","VAAR23","Rs./Quintal"
"Onion Green","Vegetables","VAAR305","Rs./Quintal"
"ONION RED","Unknown","VAAR736","Rs./Quintal"
"Orange","Fruits","VAAR18","Rs./Quintal"
"Orchid","Flowers","VAAR328","Rs./Unit"
"Other green and fresh vegetables","Vegetables","VAAR349","Rs./Quintal"
"Other Pulses","Pulses","VAAR82","Rs./Quintal"
"Ox","Live Stock,Poultry,Fisheries","VAAR172","Rs./Unit"
"PADDY","Unknown","VAAR730","Rs./Quintal"
"PADDY _JAY SRIRAM(OLD)","Unknown","VAAR622","Rs./Quintal"
"PADDY -BPT(TN)","Unknown","VAAR791","Rs./Quintal"
"PADDY 1001","Unknown","VAAR585","Rs./Quintal"
"PADDY 1010","Unknown","VAAR558","Rs./Quintal"
"PADDY 6444","Unknown","VAAR553","Rs./Quintal"
"PADDY 6453","Unknown","VAAR625","Rs./Quintal"
"PADDY ADT-37(TN)","Unknown","VAAR611","Rs./Quintal"
"PADDY ADT-39(TN)","Unknown","VAAR708","Rs./Quintal"
"PADDY ASD 16","Unknown","VAAR653","Rs./Quintal"
"PADDY BPT","Unknown","VAAR706","Rs./Quintal"
"PADDY BPT OLD","Unknown","VAAR623","Rs./Quintal"
"PADDY BPT-5204","Unknown","VAAR571","Rs./Quintal"
"PADDY CO 51","Unknown","VAAR715","Rs./Quintal"
"PADDY CO 51(TN)","Unknown","VAAR614","Rs./Quintal"
"PADDY COMMON","Unknown","VAAR562","Rs./Quintal"
"PADDY COMMON JAYA","Unknown","VAAR660","Rs./Quintal"
"PADDY CULTURE ","Unknown","VAAR832","Rs./Quintal"
"PADDY HMT","Unknown","VAAR618","Rs./Quintal"
"PADDY HMT OLD","Unknown","VAAR665","Rs./Quintal"
"PADDY IR 36","Unknown","VAAR654","Rs./Quintal"
"PADDY IR64 NEW","Unknown","VAAR621","Rs./Quintal"
"PADDY IR64 OLD","Unknown","VAAR643","Rs./Quintal"
"PADDY JAI SRI RAM","Unknown","VAAR619","Rs./Quintal"
"PADDY LOCAL","Unknown","VAAR551","Rs./Quintal"
"PADDY OTHERS","Unknown","VAAR552","Rs./Quintal"
"PADDY PONNI WHITE(TN)","Unknown","VAAR640","Rs./Quintal"
"PADDY PONNI(TN)","Unknown","VAAR612","Rs./Quintal"
"PADDY RB GOLD","Unknown","VAAR652","Rs./Quintal"
"PADDY RNR","Unknown","VAAR659","Rs./Quintal"
"PADDY RNR (TN)","Unknown","VAAR613","Rs./Quintal"
"PADDY RNR OLD","Unknown","VAAR642","Rs./Quintal"
"PADDY SAMBA MASURI","Unknown","VAAR604","Rs./Quintal"
"PADDY-BASMATI ","Unknown","VAAR769","Rs./Quintal"
"PADDY-BASMATI1121","Unknown","VAAR721","Rs./Quintal"
"PADDY-BASMATI1509","Unknown","VAAR742","Rs./Quintal"
"PADDY-BPT","Unknown","VAAR798","Rs./Quintal"
"PADDY-COMMON GRADE","Unknown","VAAR741","Rs./Quintal"
"PADDY-DEV BHOG","Unknown","VAAR757","Rs./Quintal"
"PADDY-DUPLICATE BASMATI","Unknown","VAAR772","Rs./Quintal"
"PADDY-GRADE 1","Unknown","VAAR811","Rs./Quintal"
"PADDY-GRADE A","Unknown","VAAR813","Rs./Quintal"
"PADDY-HMT","Unknown","VAAR751","Rs./Quintal"
"PADDY-IR.64","Unknown","VAAR750","Rs./Quintal"
"PADDY-JAI SRIRAM","Unknown","VAAR752","Rs./Quintal"
"PADDY-MAHAMAYA","Unknown","VAAR755","Rs./Quintal"
"PADDY-MTU 1010","Unknown","VAAR756","Rs./Quintal"
"PADDY-PR","Unknown","VAAR763","Rs./Quintal"
"PADDY-R.N.R","Unknown","VAAR801","Rs./Quintal"
"PADDY-SAFARI","Unknown","VAAR820","Rs./Quintal"
"PADDY-SHARBATHI","Unknown","VAAR810","Rs./Quintal"
"PADDY-SWARNAMASOORI","Unknown","VAAR758","Rs./Quintal"
"PADDY-VISHNUBHOG","Unknown","VAAR753","Rs./Quintal"
"PADDY(75 KG)","Unknown","VAAR781","Rs./Quintal"
"Paddy(Basmati)","Cereals","VAAR343","Rs./Quintal"
"Paddy(Common)","Cereals","VAAR2","Rs./Quintal"
"Papaya","Fruits","VAAR59","Rs./Quintal"
"Papaya(Raw)","Vegetables","VAAR264","Rs./Quintal"
"PASSION FRUIT","Fruits","VAAR504","Rs./Quintal"
"Patti Calcutta","Flowers","VAAR333","Rs./Quintal"
"Pea Pod/Pea Cod/हरी मटर","Vegetables","VAAR259","Rs./Quintal"
"Peach","Fruits","VAAR281","Rs./Quintal"
"PEACH","Fruits","VAAR281","Rs./Quintal"
"PEANUT KERNAL","Unknown","VAAR648","Rs./Quintal"
"PEANUTS-LOCAL","Unknown","VAAR570","Rs./Quintal"
"PEAR","Unknown","VAAR821","Rs./Quintal"
"Pear(Marasebu)","Fruits","VAAR280","Rs./Quintal"
"Peas cod","Vegetables","VAAR259","Rs./Quintal"
"PEAS GREEN ","Unknown","VAAR555","Rs./Quintal"
"Peas Wet","Vegetables","VAAR146","Rs./Quintal"
"PEAS-DRY","Unknown","VAAR734","Rs./Quintal"
"Peas(Dry)","Pulses","VAAR295","Rs./Quintal"
"Pegeon Pea(Arhar Fali)","Vegetables","VAAR252","Rs./Quintal"
"Pepper garbled","Spices","VAAR93","Rs./Quintal"
"Pepper ungarbled","Spices","VAAR94","Rs./Quintal"
"PERSIMON","Unknown","VAAR707","Rs./Quintal"
"Persimon(Japani Fal)","Fruits","VAAR277","Rs./Quintal"
"Pigs","Live Stock,Poultry,Fisheries","VAAR179","Rs./Unit"
"Pineapple","Fruits","VAAR21","Rs./Quintal"
"Plum","Fruits","VAAR279","Rs./Quintal"
"PLUM","Fruits","VAAR279","Rs./Quintal"
"POINTED GOURD (PARWAL)","Unknown","VAAR764","Rs./Quintal"
"Pointed gourd(Parval)","Vegetables","VAAR254","Rs./Quintal"
"Pomegranate","Fruits","VAAR160","Rs./Quintal"
"POMEGRANATE - BHAGAWA","Fruits","VAAR160","Rs./Quintal"
"PONGAM SEEDS","Unknown","VAAR838","Rs./Quintal"
"poppy seeds","Spices","VAAR350","Rs./Quintal"
"Potato","Vegetables","VAAR24","Rs./Quintal"
"POTATO","Vegetables","VAAR24","Rs./Quintal"
"POTATO SWEET","Unknown","VAAR724","Rs./Quintal"
"PRAWN_WHITE PRAWN","Live Stock,Poultry,Fisheries","VAAR510","Rs./Quintal"
"Pumpkin","Vegetables","VAAR70","Rs./Quintal"
"PUMPKIN","Vegetables","VAAR70","Rs./Quintal"
"Pundi Seed","Forest Products","VAAR110","Rs./Quintal"
"Pupadia","Drug and Narcotics","VAAR376","Rs./Quintal"
"Quince(Nakh)","Fruits","VAAR513","Rs./Quintal"
"Raddish","Vegetables","VAAR133","Rs./Quintal"
"RADDISH","Vegetables","VAAR133","Rs./Quintal"
"RAGI","Unknown","VAAR789","Rs./Quintal"
"RAGI-LOCAL","Unknown","VAAR795","Rs./Quintal"
"Ragi(Finger Millet)","Cereals","VAAR30","Rs./Quintal"
"Raibel","Flowers","VAAR338","Rs./Quintal"
"Rajgir","Others","VAAR205","Rs./Quintal"
"RAJMA","Unknown","VAAR655","Rs./Quintal"
"Ram","Live Stock,Poultry,Fisheries","VAAR235","Rs./Unit"
"RAPESEED","Unknown","VAAR650","Rs./Quintal"
"Rat Tail Radish(Mogari)","Vegetables","VAAR258","Rs./Quintal"
"RAW BANANA","Unknown","VAAR579","Rs./Quintal"
"RAW BIOMASS(AGRO RESIDUE)","Others","VAAR515","Rs./Quintal"
"RAW CASHEWNUT-KAAJU","Unknown","VAAR651","Rs./Quintal"
"Raya","Others","VAAR54","Rs./Quintal"
"Rayee","Spices","VAAR448","Rs./Quintal"
"RED CHILLI-DRY","Unknown","VAAR602","Rs./Quintal"
"RED CHILLI-MOISTURED","Unknown","VAAR658","Rs./Quintal"
"Red Gram","Pulses","VAAR7","Rs./Quintal"
"RED GRAM-GAJRA","Unknown","VAAR809","Rs./Quintal"
"RED GRAM-HYBRID","Unknown","VAAR739","Rs./Quintal"
"RED GRAM-LOCAL","Unknown","VAAR740","Rs./Quintal"
"REDGRAM DAL","Unknown","VAAR603","Rs./Quintal"
"REDGRAM-BLACK","Unknown","VAAR691","Rs./Quintal"
"REDGRAM-OLD","Unknown","VAAR690","Rs./Quintal"
"REDGRAM-RED","Unknown","VAAR560","Rs./Quintal"
"REDGRAM-WHITE","Unknown","VAAR692","Rs./Quintal"
"Rice","Cereals","VAAR3","Rs./Quintal"
"RIDGE GOURD (TURAI)","Unknown","VAAR695","Rs./Quintal"
"Ridge Gourd(Permal/Hybrid Gourd)","Vegetables","VAAR519","Rs./Quintal"
"Ridgeguard(Tori)","Vegetables","VAAR132","Rs./Quintal"
"Rose(Local)","Flowers","VAAR321","Rs./Unit"
"Rose(Loose))","Flowers","VAAR186","Rs./Quintal"
"Round gourd","Vegetables","VAAR257","Rs./Quintal"
"Rubber","Others","VAAR95","Rs./Quintal"
"Sabu Dan","Others","VAAR243","Rs./Quintal"
"Safflower","Oil Seeds","VAAR48","Rs./Quintal"
"Saffron","Spices","VAAR286","Rs./Quintal"
"Sajje","Cereals","VAAR225","Rs./Quintal"
"SAMA-MASURI","Unknown","VAAR586","Rs./Quintal"
"Same/Savi","Cereals","VAAR105","Rs./Quintal"
"Season Leaves","Vegetables","VAAR230","Rs./Quintal"
"Seemebadnekai","Vegetables","VAAR148","Rs./Quintal"
"Seetapal","Fruits","VAAR162","Rs./Quintal"
"Sem","Vegetables","VAAR523","Rs./Quintal"
"SEM","Vegetables","VAAR523","Rs./Quintal"
"SESAME SEED","Unknown","VAAR581","Rs./Quintal"
"Sesamum(Sesame,Gingelly,Til)","Oil Seeds","VAAR11","Rs./Quintal"
"She Buffalo","Live Stock,Poultry,Fisheries","VAAR176","Rs./Unit"
"She Goat","Live Stock,Poultry,Fisheries","VAAR236","Rs./Unit"
"Sheep","Live Stock,Poultry,Fisheries","VAAR177","Rs./Unit"
"SILK COCOON(BH) _DOUBLE HYBR ","Live Stock,Poultry,Fisheries","VAAR525","Rs./Quintal"
"SNAKE GOURD","Unknown","VAAR631","Rs./Quintal"
"Snakeguard","Vegetables","VAAR128","Rs./Quintal"
"Snow Mountain Garlic","Vegetables","VAAR526","Rs./Quintal"
"Soanf","Spices","VAAR114","Rs./Quintal"
"Soapnut(Antawala/Retha)","Forest Products","VAAR167","Rs./Quintal"
"Soha","Oil Seeds","VAAR449","Rs./Quintal"
"SOUNF","Unknown","VAAR564","Rs./Quintal"
"SOYA SEEDS (WHITE)","Unknown","VAAR628","Rs./Quintal"
"SOYA WHITE","Unknown","VAAR606","Rs./Quintal"
"SOYA-LOCAL","Unknown","VAAR808","Rs./Quintal"
"SOYA-YELLOW","Unknown","VAAR731","Rs./Quintal"
"Soyabean","Oil Seeds","VAAR13","Rs./Quintal"
"SOYABEANS","Unknown","VAAR732","Rs./Quintal"
"Spinach","Vegetables","VAAR290","Rs./Quintal"
"SPINACH (PALAK)","Vegetables","VAAR290","Rs./Quintal"
"SPINACH (PALAK)","Unknown","VAAR722","Rs./Quintal"
"Sponge gourd","Vegetables","VAAR262","Rs./Quintal"
"SPONGE GOURD","Vegetables","VAAR262","Rs./Quintal"
"SPRING ONION","Unknown","VAAR588","Rs./Quintal"
"SQUASH","Unknown","VAAR768","Rs./Quintal"
"Squash(Chappal Kadoo)","Vegetables","VAAR282","Rs./Quintal"
"stevia","Drug and Narcotics","VAAR369","Rs./Quintal"
"Strawberry","Fruits","VAAR529","Rs./Quintal"
"STRAWBERRY","Fruits","VAAR529","Rs./Quintal"
"Sugar","Others","VAAR44","Rs./Quintal"
"SUGAR SNAP PEAS","Vegetables","VAAR530","Rs./Quintal"
"Sugarcane","Others","VAAR122","Rs./Quintal"
"SUGARCANE","Others","VAAR122","Rs./Quintal"
"SUN FLOWER SEEDS","Unknown","VAAR626","Rs./Quintal"
"Sunflower","Oil Seeds","VAAR14","Rs./Quintal"
"Sunflower Seed","Oil Seeds","VAAR238","Rs./Quintal"
"Sunhemp","Fibre Crops","VAAR117","Rs./Quintal"
"Surat Beans(Papadi)","Vegetables","VAAR251","Rs./Quintal"
"Suva(Dill Seed)","Oil Seeds","VAAR211","Rs./Quintal"
"Suvarna Gadde","Vegetables","VAAR150","Rs./Quintal"
"SWARNA PADDY","Unknown","VAAR573","Rs./Quintal"
"Sweet Corn ","Cereals","VAAR534","Rs./Quintal"
"SWEET CORN ","Cereals","VAAR534","Rs./Quintal"
"SWEET LEMON (MOSAMBI)","Unknown","VAAR591","Rs./Quintal"
"Sweet Potato","Vegetables","VAAR124","Rs./Quintal"
"Sweet Pumpkin","Vegetables","VAAR145","Rs./Quintal"
"Sweet Saag","Vegetables","VAAR535","Rs./Quintal"
"T.V. Cumbu","Cereals","VAAR103","Rs./Quintal"
"TAMARIND","Unknown","VAAR794","Rs./Quintal"
"TAMARIND BOTU","Unknown","VAAR835","Rs./Quintal"
"TAMARIND FLOWER","Unknown","VAAR637","Rs./Quintal"
"Tamarind Fruit","Forest Products","VAAR215","Rs./Quintal"
"TAMARIND KARPULI","Unknown","VAAR590","Rs./Quintal"
"Tamarind Seed","Forest Products","VAAR168","Rs./Quintal"
"TAMARIND SEED LOCAL","Unknown","VAAR666","Rs./Quintal"
"TAMARIND-FRUIT","Unknown","VAAR754","Rs./Quintal"
"Tapioca","Vegetables","VAAR85","Rs./Quintal"
"Taramira","Oil Seeds","VAAR63","Rs./Quintal"
"TARAMIRA","Oil Seeds","VAAR63","Rs./Quintal"
"Taro (Arvi) Leaves","Vegetables","VAAR537","Rs./Quintal"
"Taro (Arvi) Stem","Vegetables","VAAR538","Rs./Quintal"
"Tender Coconut","Fruits","VAAR161","Rs./Quintal"
"TENDER COCONUT (IN NO)","Unknown","VAAR778","Rs./Unit"
"TEVADA ","Pulses","VAAR539","Rs./Quintal"
"Thinai(Italian Millet)","Pulses","VAAR100","Rs./Quintal"
"Thogrikai","Vegetables","VAAR142","Rs./Quintal"
"Thondekai","Vegetables","VAAR134","Rs./Quintal"
"Tinda","Vegetables","VAAR297","Rs./Quintal"
"Tobacco","Drug and Narcotics","VAAR119","Rs./Quintal"
"TOBACCO","Drug and Narcotics","VAAR119","Rs./Quintal"
"Tomato","Vegetables","VAAR65","Rs./Quintal"
"TOMATO","Vegetables","VAAR65","Rs./Quintal"
"Toria","Oil Seeds","VAAR55","Rs./Quintal"
"Tube Flower","Flowers","VAAR192","Rs./Quintal"
"Tube Rose(Double)","Flowers","VAAR330","Rs./Unit"
"Tube Rose(Loose)","Flowers","VAAR337","Rs./Quintal"
"Tube Rose(Single)","Flowers","VAAR324","Rs./Unit"
"TUBEROSE","Unknown","VAAR624","Rs./Quintal"
"tulip","Flowers","VAAR392","Rs./Quintal"
"TUR/ARHAR","Unknown","VAAR550","Rs./Quintal"
"TUR/ARHAR-MIXED","Unknown","VAAR697","Rs./Quintal"
"TUR/ARHAR-PEGION PIE","Unknown","VAAR699","Rs./Quintal"
"TUR/ARHAR-WHITE","Unknown","VAAR698","Rs./Quintal"
"Turmeric","Spices","VAAR35","Rs./Quintal"
"TURMERIC","Spices","VAAR35","Rs./Quintal"
"TURMERIC ATTU","Unknown","VAAR705","Rs./Quintal"
"TURMERIC BULB","Unknown","VAAR748","Rs./Quintal"
"TURMERIC BULB OLD","Unknown","VAAR804","Rs./Quintal"
"TURMERIC CHURA","Unknown","VAAR802","Rs./Quintal"
"TURMERIC FINGER","Unknown","VAAR749","Rs./Quintal"
"TURMERIC FINGURE OLD","Unknown","VAAR805","Rs./Quintal"
"Turmeric(raw)","Vegetables","VAAR260","Rs./Quintal"
"Turnip","Vegetables","VAAR289","Rs./Quintal"
"URAD (BLACK GRAM)","Unknown","VAAR559","Rs./Quintal"
"URAD DAAL","Unknown","VAAR597","Rs./Quintal"
"URAD-GREEN","Unknown","VAAR701","Rs./Quintal"
"URAD-RED","Unknown","VAAR700","Rs./Quintal"
"WALNUT","Dry Fruits","VAAR291","Rs./Quintal"
"Water chestnut","Others","VAAR450","Rs./Quintal"
"Water Melon","Fruits","VAAR60","Rs./Quintal"
"Wheat","Cereals","VAAR1","Rs./Quintal"
"Wheat Atta","Others","VAAR240","Rs./Quintal"
"WHEAT-BHANSI","Unknown","VAAR812","Rs./Quintal"
"WHEAT-HYBRID","Unknown","VAAR834","Rs./Quintal"
"White Muesli","Drug and Narcotics","VAAR358","Rs./Quintal"
"White Peas","Pulses","VAAR341","Rs./Quintal"
"WHITE PEAS","Pulses","VAAR341","Rs./Quintal"
"White Pumpkin","Vegetables","VAAR130","Rs./Quintal"
"WHITE-GINGELY","Unknown","VAAR717","Rs./Quintal"
"Wood","Forest Products","VAAR163","Rs./Quintal"
"Yam","Others","VAAR201","Rs./Quintal"
"Yam(Ratalu)","Vegetables","VAAR248","Rs./Quintal"